{"OT":"G","IL":300,"LRT":"C","ICT":"Z","ILT":0.0001,"D":0.9,"DR":10,"MCU":1e-12,"L":0.0,"BS":88,"FDN":false,"TN":"points","FI":true,"IS":1.0,"CS":{"DT":"F32","D":[2.226033926010132,-0.23797987401485443,1.3599399328231812,0.5971968173980713,1.010104775428772,0.7738209366798401,0.027312444522976875,0.109532430768013,0.4914236068725586,-0.09966249763965607,-0.17623259127140045,-0.5074621438980103,0.0,0.0,2.487513303756714]},"CPI":[5158.0,2426.996826171875,2121.05810546875,1950.4735717773438,1800.1010437011719,1663.0312194824219,1537.8406982421875,1423.4736328125,1318.9795837402344,1223.4916076660156,1136.219970703125,1056.4438171386719,983.5059051513672,916.8069305419922,855.8001098632812,799.9868621826172,748.9124450683594,702.1621780395508,659.3578872680664,620.154426574707,584.2372207641602,551.3193206787109,521.1390609741211,493.45745849609375,468.05699157714844,444.73892974853516,423.3222961425781,403.64159393310547,385.5461959838867,368.8986511230469,353.57352447509766,339.4563903808594,326.4428596496582,314.4377670288086,303.35429763793945,293.1131477355957,283.64196395874023,274.87488174438477,266.75172424316406,259.21753692626953,252.22227478027344,245.7201690673828,239.66952514648438,234.0322265625,228.7736053466797,223.86185455322266,219.26806640625,214.96582412719727,210.93097686767578,207.14155197143555,203.57740783691406,200.22016143798828,197.05308532714844,194.06084823608398,191.22944259643555,188.54607391357422,185.9991226196289,183.5779266357422,181.27267837524414,179.07443237304688,176.97517013549805,174.96736526489258,173.04411697387695,171.19933700561523,169.42723083496094,167.72255325317383,166.08062744140625,164.49699783325195,162.96766662597656,161.48899459838867,160.05756378173828,158.67030715942383,157.32437133789062,156.01717376708984,154.74635314941406,153.5096607208252,152.30512046813965,151.1308078765869,149.98512840270996,148.86644172668457,147.7733325958252,146.70441436767578,145.65850448608398,144.6344337463379,143.63118934631348,142.6477394104004,141.68326377868652,140.73684883117676,139.80775260925293,138.89528465270996,137.99877166748047,137.1175765991211,136.25107955932617,135.39884757995605,134.56027221679688,133.73492050170898,132.9223976135254,132.12223625183105,131.3340721130371,130.55750846862793,129.79224014282227,129.0379180908203,128.29425621032715,127.56099891662598,126.83783149719238,126.12445068359375,125.42071151733398,124.72628974914551,124.04108047485352,123.36473274230957,122.69709205627441,122.03806686401367,121.38735771179199,120.7447738647461,120.11026000976562,119.48355865478516,118.86451721191406,118.25300598144531,117.64889526367188,117.05203819274902,116.4623031616211,115.87955093383789,115.30363845825195,114.73443794250488,114.171875,113.61578369140625,113.06606864929199,112.52263069152832,111.98536682128906,111.45417976379395,110.92895889282227,110.40957641601562,109.8959846496582,109.38805961608887,108.88568115234375,108.38883018493652,107.89737701416016,107.4112434387207,106.93033027648926,106.4546012878418,105.98392105102539,105.51824951171875,105.05749320983887,104.60155487060547,104.15040588378906,103.70392990112305,103.26213264465332,102.82485580444336,102.39209365844727,101.96373748779297,101.53975486755371,101.12003517150879,100.70452880859375,100.29323196411133,99.88601303100586,99.48284721374512,99.08364677429199,98.68838500976562,98.29701042175293,97.90944480895996,97.52561950683594,97.14553451538086,96.76904678344727,96.39620780944824,96.02689933776855,95.66107940673828,95.29870796203613,94.93977546691895,94.58414268493652,94.23183250427246,93.88278388977051,93.53693008422852,93.19427299499512,92.8547134399414,92.51824760437012,92.18481063842773,91.8543758392334,91.52688980102539,91.20232009887695,90.88061904907227,90.56171607971191,90.24568748474121,89.9323787689209,89.62178039550781,89.31384086608887,89.00859832763672,88.70593070983887,88.40585899353027,88.10829162597656,87.81326293945312,87.52069664001465,87.23059844970703,86.94285774230957,86.65755081176758,86.37452125549316,86.09384536743164,85.81543922424316,85.5392951965332,85.26537895202637,84.99365043640137,84.72408676147461,84.45665740966797,84.19135284423828,83.92810440063477,83.66693115234375,83.40778541564941,83.15064239501953,82.89547157287598,82.64227294921875,82.39099502563477,82.1415901184082,81.89410018920898,81.64846801757812,81.40465354919434,81.16265106201172,80.92243957519531,80.68398475646973,80.44730949401855,80.21232032775879,79.97902870178223,79.74742889404297,79.51750183105469,79.28921318054199,79.06251525878906,78.83744621276855,78.61395835876465,78.39201927185059,78.17160606384277,77.95273971557617,77.73538398742676,77.5195083618164,77.30510902404785,77.0921516418457,76.88064765930176,76.6705493927002,76.46187400817871,76.25456047058105,76.04863548278809,75.84407234191895,75.64083480834961,75.43894958496094,75.23833179473877,75.03903388977051,74.84101295471191,74.64425754547119,74.44874382019043,74.25448608398438,74.0614366531372,73.86960315704346,73.67897129058838,73.48950290679932,73.30120372772217,73.11409091949463,72.92810726165771,72.74325180053711,72.55953788757324,72.3769178390503,72.1953763961792,72.01498126983643,71.83559226989746,71.65728950500488,71.48004531860352,71.3038387298584,71.12866115570068,70.95451068878174,70.78135395050049,70.60921287536621,70.43802738189697,70.26784992218018,70.09863567352295,69.93035221099854,69.76304340362549,69.59666347503662,69.43120670318604,69.26669979095459,69.10306358337402,68.94034194946289,68.77852058410645,68.61760902404785,68.4575252532959,68.29832172393799,68.13997650146484,67.98250484466553,67.82586193084717,67.6700496673584,67.51506328582764,67.36091232299805,67.20756435394287,67.05500221252441,66.90326976776123,66.7523078918457,66.60211372375488,66.45269107818604,66.30407905578613,66.1561861038208,66.0090560913086,65.86269283294678,65.71705055236816,65.57213973999023,65.42797946929932],"DT":"F32","$V":3}